Site,Name,Your Price,Savings
53054,ALDERSYDE,1.7479,0
53057,ATHABASCA,0,0.2856
53151,BASSANO,1.7733,0.4657
53141,BONNYVILLE,1.7684,0.3006
53058,BROOKS-AGCOM,1.7877,0.4613
53145,CALGARY-COUNTRY HILLS,1.7422,0.4568
53064,CALGARY-MONUMENT,1.7422,0.4568
53065,CALGARY-OGDEN RD,1.7422,0.4568
53142,CALGARY-REMINGTON E,1.7422,0.4568
53046,CALGARY-REMINGTON W,1.7422,0.4568
53488,PETRO CA,1.7372,0.4618
53066,CAMROSE,1.7499,0.2991
53067,CARDSTON,1.7906,0.4584
53068,CARSTAIRS,1.7985,0.4605
53143,CLAIRMONT,1.7911,0.2879
53071,COCHRANE-JUMPING POUND,1.7806,0.4384
53072,COLD LAKE,1.7908,0.2882
53073,CORONATION,1.7628,0.3162
53152,CROSSFIELD,1.7642,0.2748
53035,BVD CALGARY,1.7366,0.4624
53146,DRAYTON VALLEY-50TH ST,1.7588,0.3102
53074,DRAYTON VALLEY-INDUSTRIAL,1.7756,0.2934
53075,DRUMHELLER,1.8019,0.4671
53456,EDMONTON,1.7078,0.2912
53081,EDMONTON YELLOWHEAD,1.7078,0.2912
53048,EDMONTON-118 AVE,1.7078,0.2912
53076,EDMONTON-50TH ST,1.7078,0.2912
53077,EDMONTON-ACHESON PARK,1.7078,0.2912
53078,EDMONTONWEST,1.7078,0.2912
53436,PETRO CA,1.7078,0.2912
53442,PETRO CA,0,0
53082,EDSON 63 ST,1.7225,0.3365
53083,FALHER,1.7914,0.2976
53084,FORT MCKAY,1.8063,0.3027
53051,FORT MCMURRAY,1.8033,0.3257
53085,FORT MCMURRAY,1.8033,0.3257
53086,FORT SASKATCHEWAN,1.7894,0.2496
53087,FOX CREEK,1.768,0.301
53009,GLENVIS,1.7575,0.3115
53091,GRANDE PRAIRIE-101 AVE,1.7926,0.4764
53088,GRANDE PRAIRIE-97TH,1.7926,0.4764
53385,GRASSLAND,1.7819,0.2571
53092,HANNA,1.7793,0.4197
53093,HARDISTY,1.7581,0.3109
53094,HIGH LEVEL,1.7976,0.2614
53095,HIGH PRAIRIE,1.7837,0.2953
53096,HINTON,1.7715,0.2875
53144,LA CRETE,1.8463,0.2527
53097,LAC LA BICHE,1.7686,0.2904
53098,LETHBRIDGE,1.7745,0.4245
53101,LLOYDMINSTER,1.7714,0.3876
53102,MANNING,1.8077,0.2913
53103,MEDICINE HAT,1.7985,0.4405
53147,MEDICINE HAT-2900 BOX SPRINGS,1.7985,0.4405
53052,NISKU,1.7073,0.2917
53104,OLDS,1.8157,0.4633
53105,PEACE RIVER,1.7933,0.2957
53394,PEACE RIVER,1.7783,0.3107
53474,PENHOLD,1.7451,0.5139
53106,PINCHER CREEK,1.7905,0.4685
53107,PROVOST,1.7725,0.2965
53108,RED DEER-54TH AVE,1.7451,0.5139
53053,RED DEER-EDGAR,1.7451,0.5139
53111,RED EARTH CREEK,1.7756,0.3034
53112,REDCLIFF,1.7963,0.4427
53113,ROCKY MT. HOUSE,1.7625,0.3065
53114,SLAVE LAKE-12TH AVE,1.7752,0.3038
53115,SLAVE LAKE-15TH AVE,1.7752,0.3038
53483,PETRO CA,1.7829,0.4861
53116,STETTLER,1.7928,0.4562
53117,STRATHMORE,1.7596,0.4594
53118,SUNDRE,1.7992,0.4598
53121,TABER,1.7859,0.4731
53122,THREE HILLS,1.799,0.46
53123,TWO HILLS,1.7655,0.3135
53124,VALLEYVIEW,1.76,0.339
53125,VEGREVILLE,1.7521,0.3069
53126,VERMILION,1.7648,0.2942
53127,VIKING,1.7546,0.3144
53131,VULCAN,1.7861,0.4629
53148,WASKATENAU,1.756,0.313
53132,WESTLOCK,1.7642,0.3048
53133,WETASKIWIN,1.7844,0.4646
53135,WHITECOURT-42ND ST,1.7808,0.3782
53136,WHITECOURT-HWY 43,1.7808,0.3782
54061,100 MILE HOUSE,2.0418,0.6272
54064,CAMPBELL RIVER,2.3724,0.4766
54065,CHILLIWACK - EAST,2.296,0.263
54057,CHILLIWACK - WEST,2.296,0.263
54066,CLEARBROOK,2.2969,0.4821
54072,COQUITLAM,2.4296,0.4094
54073,COURTENAY,2.3874,0.4616
54074,CRANBROOK,1.7911,0.6079
54075,DAWSON CREEK,1.798,0.561
54077,DELTA,2.4296,0.3894
54078,DUNCAN,2.3638,0.4752
54082,FORT NELSON,2.0218,0.9272
54087,FORT ST. JOHN,2.0033,0.8957
54088,GOLDEN,2.0352,0.6338
54093,GRAND FORKS,2.0535,0.6255
54094,HOUSTON,2.0293,0.8697
54096,KAMLOOPS-TCH EAST,2.0081,0.6609
54097,KAMLOOPS-TCH WEST,2.0049,0.6641
54098,KELOWNA-ACLAND,2.0366,0.6524
54101,KELOWNA-WESTBANK,2.0366,0.6524
54102,KITWANGA,1.9934,0.9056
54055,BVD KAMLOOPS,1.9832,0.6858
54106,MACKENZIE,2.0228,0.8462
54108,NAKUSP,2.0474,0.6516
54111,NANAIMO,2.3638,0.4452
54112,PENTICTON,2.0407,0.6383
54113,PRINCE GEORGE - HARTWAY,1.9856,0.8634
54115,PRINCE GEORGE-GREAT ST,1.9856,0.8634
54116,QUESNEL-SMITH AVE,1.9831,0.9159
54117,REVELSTOKE,2.0201,0.6589
54118,SALMON ARM,2.0355,0.6535
54121,SMITHERS,2.0221,0.8769
54122,SPARWOOD,2.043,0.656
54123,TERRACE,2.0003,0.8687
54134,TERRACE THORNHILL,2.0003,0.8687
54124,VANCOUVER,2.4565,0.3425
54125,VERNON,2.0293,0.6697
54126,WILLIAMS LAKE- COLLIER,2.0511,0.6679
54127,WILLIAMS LAKE-GILL,2.0511,0.6679
55052,PETRO CA,1.7367,0.6223
55014,ARBORG,1.7798,0.5892
55015,BEAUSEJOUR,1.7731,0.5959
55016,BRANDON-18TH ST,1.7936,0.5454
55017,BRANDON-TCH,1.7936,0.5454
55041,CRYSTAL CITY,1.7943,0.5747
55018,DAUPHIN,1.8082,0.5608
55021,KILLARNEY,1.7943,0.5747
55022,MELITA,1.797,0.572
55023,MIAMI,1.7943,0.5847
55024,MORRIS,1.7808,0.5882
55026,NEEPAWA,1.7763,0.6027
55028,PINE FALLS,1.7798,0.5892
55031,PORTAGE LA PRAIRIE,1.7459,0.5531
55032,RUSSELL,1.8001,0.5789
55053,PETRO CA,1.7472,0.5518
55033,TEULON,1.7766,0.5924
55034,THE PAS,1.8071,0.5819
55035,THOMPSON,1.8149,0.5841
55043,VIRDEN,1.797,0.592
55036,WINKLER,1.7846,0.5944
55037,WINNIPEG-DEACONS,1.739,0.56
55038,WINNIPEG-MARION ST,1.7437,0.5553
55012,BVD WINNIPEG,1.735,0.564
61031,GRAND FALLS,2.1787,0.1513
61032,MONCTON,2.1611,0.1689
61062,BVD MEDUCTIC,2.142,0.188
63003,DEER LAKE,2.1436,0.4064
63005,GOOBIES,2.0653,0.4847
63008,ST JOHNS,2.0498,0.5002
62022,BRIDGEWATER,2.0851,0.3849
62015,DARTMOUTH,2.0828,0.3872
62016,GLENHOLME,2.0802,0.3898
62017,LITTLE BRAS DOR,2.0841,0.3859
58868,LOWER WOODS,2.1034,0.4166
58867,WILMOT,2.0804,0.4396
58869,WINDSOR,2.1081,0.4119
58866,WOLFVILLE,2.0764,0.4436
58865,YARMOUTH,2.1308,0.3892
60001,ENTERPRISE,1.9982,0.4008
60002,YELLOWKNIFE,1.9647,0.4343
58117,BARRIE,1.9182,0.7008
58235,BOTHWELL,1.9306,0.6084
54228,BOWMANVILLE,1.9372,0.7018
36384,BRADFORD,1.9504,0.6886
58118,BRAMPTON- VAN KIRK,1.9228,0.5762
58122,BRAMPTON- INTERMODEL,1.945,0.554
58123,BURLINGTON,1.9425,0.6665
58301,BVD COCHRANE,1.9688,0.5902
58055,BVD BRAMPTON,1.9005,0.5985
58283,CHATHAM,1.9243,0.6047
58218,CLARKSON,1.9241,0.6849
58271,COLLINGWOOD,1.9517,0.6773
58213,VAUGHAN - CONCORD,1.9141,0.5949
58311,COOKSTOWN,1.9479,0.6811
58156,BVD COMBER,1.881,0.618
58037,BVD CORNWALL,1.96,0.639
58234,DORCHESTER,1.8845,0.6145
58125,DRYDEN,1.9775,0.4815
58863,DUNNVILLE,1.9556,0.6834
58211,TORONTO-NORTH QUEEN,1.9139,0.6851
58126,EXETER PETRO-PASS,1.9286,0.5904
58223,FERGUS,1.956,0.683
58227,FLAMBOROUGH,1.9459,0.6731
58127,FORT ERIE,1.9413,0.6577
58297,PETRO CA,1.9154,0.6436
58222,GUELPH,1.9425,0.5765
58253,HAGERSVILLE,1.9593,0.6797
58128,HAMILTON - KENORA,1.9151,0.7339
58131,HAMILTON-PARKDALE,1.9233,0.6857
58132,HORNBY,1.9186,0.6004
58133,HUNTSVILLE,1.9594,0.6796
58134,IGNACE,1.9752,0.5238
58135,KAMINISTIQUIA,1.932,0.497
58136,KENORA,2.0623,0.4567
58137,KINGSTON,1.9651,0.6139
58098,KITCHENER,1.93,0.579
58138,LISTOWEL,1.9264,0.6226
58104,LONDON WILTON GROVE,1.8889,0.6101
58141,LONDON-CLARKE RD,1.8889,0.6101
58142,MARKHAM,1.9164,0.7026
58143,MILTON,1.9504,0.5486
58145,MISSISSAUGA-ATLANTIC,1.9433,0.5557
58217,MISSISSAUGA-DIXIE RD,1.906,0.593
58146,MOUNT FOREST PETRO- PASS,1.9213,0.6277
58088,BVD MILTON,1.9068,0.5922
58062,BVD MISSISSAUGA,1.9005,0.5985
58198,OTTAWA-NEPEAN,1.9628,0.6462
58151,NEW LISKEARD,1.9877,0.6913
58232,NEWMARKET,1.9354,0.6936
58152,NIAGARA FALLS,1.9578,0.6412
58161,NORTH BAY,1.9783,0.6607
58207,TORONTO - STEELES AVE,1.9073,0.7017
58861,NORWICH,1.9289,0.6101
58073,BVD NIAGARA,1.9096,0.6894
58078,BVD NIPIGON,1.882,0.517
58011,BVD NORTH BAY,1.9329,0.7061
58191,ORANGEVILLE,1.9425,0.6865
58291,ORILLA,1.9696,0.6694
58246,ORONO,1.9549,0.6741
58196,OSHAWA,1.9425,0.6765
58197,OTTAWA-GLOUCESTER,1.9898,0.6192
58247,OWEN SOUND,1.96,0.699
58228,PETERBOROUGH,1.9395,0.6995
58248,PICKERING,1.9477,0.5513
58233,RED LAKE,2.1209,0.4781
58226,ROCKTON,1.9166,0.6324
58221,SARNIA,1.9331,0.5659
58862,WEST SIMCOE,1.9289,0.7201
58251,SIOUX LOOKOUT,2.0517,0.4873
58068,SAINT ISIDORE,2.0082,0.6408
58256,STAYNER,1.9517,0.6873
58003,STRATFORD,1.9003,0.6387
58113,SUDBURY,1.9809,0.6781
58204,SUDBURY-BARRYDOWNE,1.9798,0.6792
58116,SUMMERSTOWN,2.0095,0.5895
58057,BVD SARNIA,1.8775,0.6215
58237,BVD SAULT STE. MARIE,1.9599,0.5991
58252,THUNDER BAY,1.8939,0.5251
58206,TIMMINS,1.9925,0.6965
58231,REXDALE,1.9468,0.6622
58208,TORONTO-KEELE,1.9139,0.7051
58212,VAUGHAN,1.906,0.593
58255,WATERLOO,1.9481,0.5709
58254,WELLAND,1.9589,0.5701
58214,WINDSOR,1.9124,0.5866
58225,WINGHAM,1.9587,0.6803
58216,WOODSTOCK,1.9354,0.5836
59091,AMOS,2.2847,0.6643
59027,ANJOU,2.2451,0.6539
59028,BAIE COMEAU,2.2774,0.6716
59031,BOIS-FRANC,2.2452,0.7038
59032,CHAMBORD,2.2549,0.6741
59097,CHIBOUGAMAU,2.2835,0.7155
59033,CHICOUTIMI,2.236,0.713
59009,GATINEAU,2.3364,0.6626
59092,GRANBY,2.2683,0.6807
59035,LASSOMPTION,2.2473,0.6517
59034,LACHINE,2.236,0.663
59026,LAVAL,2.236,0.663
59036,MATAGAMI,2.4443,0.6547
59041,MATANE,2.2442,0.6548
59043,MONT-JOLI,2.2389,0.6601
59108,MONT-LAURIER,2.2883,0.6607
59045,NAPIERVILLE,2.2673,0.6817
59054,ROUYN-NORANDA,2.2947,0.6543
59055,SHERBROOKE,2.3029,0.6961
59061,ST JEAN-PORT JOLI,2.2606,0.6884
59064,ST LAURENT,2.2439,0.6551
59074,ST NICOLAS,2.2627,0.6863
59077,STE FOY,2.2451,0.6539
59081,STE JULIE,2.2489,0.6501
59075,STE EULALIE,2.2896,0.6594
59083,TROIS RIVIERES,2.3006,0.6484
59084,VAL DOR-EAST,2.2926,0.7064
59088,VANIER,2.2489,0.6501
56056,ASSINIBOIA,1.7842,0.5548
56011,BIGGAR,1.8012,0.5578
56012,CARLYLE,1.8015,0.5675
56066,CARNDUFF,1.8203,0.5587
56013,CARROT RIVER,1.817,0.552
56038,CHAPLIN,1.7787,0.5603
56067,CORMAN PARK,1.802,0.557
56014,EDAM,1.8279,0.5411
56015,ESTEVAN-4TH ST,1.7978,0.5712
56054,ESTEVAN-CARBON,1.8071,0.5619
56048,GRAVELBOURG,1.8099,0.5591
56058,GRENFELL,1.7829,0.5561
54054,BVD GRENFELL,1.7467,0.5923
56041,HUMBOLDT,1.8085,0.5605
56016,KINDERSLEY,1.8128,0.5562
56043,KIPLING,1.8149,0.5441
56017,LA RONGE,1.8372,0.5418
56018,LAMPMAN,1.7581,0.6009
56021,MAIDSTONE,1.8052,0.5638
56044,MANKOTA,1.8176,0.5614
56022,MAPLE CREEK,1.801,0.548
56024,MEADOW LAKE,1.825,0.554
56062,MELFORT,1.8266,0.5624
56026,MOOSE JAW,1.7495,0.5495
56009,N BATTLEFOR,1.802,0.587
56027,NORTH BATTLEFORD,1.8067,0.5623
56052,OXBOW,1.7993,0.5697
56028,PRINCE ALBERT,1.8077,0.5613
56262,RADVILLE,1.8135,0.5255
56055,RADVILLE,1.7614,0.5776
56031,REDVERS,1.8063,0.5727
56007,REGINA,1.7378,0.5612
56045,ROSETOWN,1.8045,0.5645
56008,SASKATOON-51ST ST,1.7546,0.5444
56032,SASKATOON-MELVILLE,1.7546,0.5444
56053,SHAUNAVON,1.8002,0.5688
56264,STOUGHTON,1.7518,0.5872
36382,STOUGHTON,1.7979,0.5411
56033,SWIFT CURRENT,1.7934,0.5456
56034,TISDALE,1.8163,0.5527
56035,UNITY,1.8102,0.5588
56057,WADENA,1.8125,0.5565
56036,WEYBURN,1.7772,0.5718
56037,YORKTON-HWY 16,1.7766,0.5224
57007,WATSON LAKE,1.866,0.533
57008,WHITEHORSE-ALASKA HWY,1.974,0.425
57011,WHITEHORSE-GALENA RD,1.9149,0.4841